{
  "build": {
    "core": "arduino",
    "extra_flags": "-DARDUINO_AVR_PRO",
    "f_cpu": "16000000L",
    "mcu": "atmega328p",
    "variant": "eightanaloginputs"
  },
  "bootloader": {
    "efuse": "0xFD",
    "file": "atmega/ATmegaBOOT_168_atmega328.hex",
    "hfuse": "0xDA",
    "lock_bits": "0x0F",
    "lfuse": "0xFF",
    "unlock_bits": "0x3F"
  },
  "debug": {
    "simavr_target": "atmega328p",
    "avr-stub": {
      "speed": 115200
    }
  },
  "frameworks": [
    "arduino"
  ],
  "name": "MakerAlc Basic (5V, 16 MHz)",
  "upload": {
    "maximum_ram_size": 2048,
    "maximum_size": 30720,
    "protocol": "arduino",
    "require_upload_port": true,
    "speed": 57600
  },
  "url": "https://github.com/Ricardo1366/Placa_MakerAlc",
  "vendor": "Maker Alicante"
}
